<?xml version="1.0" encoding="UTF-8"?>
<project-private xmlns="http://www.netbeans.org/ns/project-private/1">
    <editor-bookmarks xmlns="http://www.netbeans.org/ns/editor-bookmarks/2" lastBookmarkId="0"/>
    <open-files xmlns="http://www.netbeans.org/ns/projectui-open-files/2">
        <group>
            <file>file:/C:/Users/Bella%20Adha%20Fadilah/OneDrive/Documents/NetBeansProjects/P01-Generic/src/generic/Playlist.java</file>
            <file>file:/C:/Users/Bella%20Adha%20Fadilah/OneDrive/Documents/NetBeansProjects/P01-Generic/src/generic/KoleksiMusik.java</file>
            <file>file:/C:/Users/Bella%20Adha%20Fadilah/OneDrive/Documents/NetBeansProjects/P01-Generic/src/generic/Musik.java</file>
        </group>
    </open-files>
</project-private>
